uniqueid,firstname,lastname,age
1,John,Doe,31
1,John,Doe,31
1,John,Doe,31
1,John,Doe,31
1,John,Doe,31
1,John,Doe,31
1,John,Doe,31
1,John,Doe,31
1,John,Doe,31
1,John,Doe,31
1,John,Doe,31
1,John,Doe,31
1,John,Doe,31
1,John,Doe,31
1,John,Doe,31
1,John,Doe,31
1,John,Doe,31
1,John,Doe,31
1,John,Doe,31
1,John,Doe,31
1,John,Doe,31
1,John,Doe,31
1,John,Doe,31
1,John,Doe,31
1,John,Doe,31
1,John,Doe,31
1,John,Doe,31
1,John,Doe,31
1,John,Doe,31
1,John,Doe,31
1,John,Doe,31
1,John,Doe,31
1,John,Doe,31
1,John,Doe,31
1,John,Doe,31
1,John,Doe,31
1,John,Doe,31
1,John,Doe,31
1,John,Doe,31
1,John,Doe,31
1,John,Doe,31
1,John,Doe,31
1,John,Doe,31
1,John,Doe,31
1,John,Doe,31
1,John,Doe,31
1,John,Doe,31
1,John,Doe,31
1,John,Doe,31
1,John,Doe,31
1,John,Doe,31
1,John,Doe,31
1,John,Doe,31
1,John,Doe,31
1,John,Doe,31
1,John,Doe,31
1,John,Doe,31
1,John,Doe,31
1,John,Doe,31
1,John,Doe,31
1,John,Doe,31
1,John,Doe,31
1,John,Doe,31
1,John,Doe,31
1,John,Doe,31
1,John,Doe,31
1,John,Doe,31
1,John,Doe,31
1,John,Doe,31
1,John,Doe,31
1,John,Doe,31
1,John,Doe,31
1,John,Doe,31
1,John,Doe,31
1,John,Doe,31
1,John,Doe,31
1,John,Doe,31
1,John,Doe,31
1,John,Doe,31
1,John,Doe,31
1,John,Doe,31
1,John,Doe,31
1,John,Doe,31
1,John,Doe,31
1,John,Doe,31
1,John,Doe,31
1,John,Doe,31
1,John,Doe,31
1,John,Doe,31
1,John,Doe,31
1,John,Doe,31
1,John,Doe,31
1,John,Doe,31
1,John,Doe,31
1,John,Doe,31
1,John,Doe,31
1,John,Doe,31
1,John,Doe,31
1,John,Doe,31
1,John,Doe,31
1,John,Doe,31
1,John,Doe,31
1,John,Doe,31
1,John,Doe,31
1,John,Doe,31
1,John,Doe,31
1,John,Doe,31
1,John,Doe,31
1,John,Doe,31
1,John,Doe,31
1,John,Doe,31
1,John,Doe,31
1,John,Doe,31
1,John,Doe,31
1,John,Doe,31
1,John,Doe,31
1,John,Doe,31
1,John,Doe,31
1,John,Doe,31
1,John,Doe,31
1,John,Doe,31
1,John,Doe,31
1,John,Doe,31
1,John,Doe,31
1,John,Doe,31
1,John,Doe,31
1,John,Doe,31
1,John,Doe,31
1,John,Doe,31
1,John,Doe,31
1,John,Doe,31
1,John,Doe,31
1,John,Doe,31
1,John,Doe,31
1,John,Doe,31
1,John,Doe,31
1,John,Doe,31
1,John,Doe,31
1,John,Doe,31
1,John,Doe,31
1,John,Doe,31
1,John,Doe,31
1,John,Doe,31
1,John,Doe,31
1,John,Doe,31
1,John,Doe,31
1,John,Doe,31
1,John,Doe,31
1,John,Doe,31
1,John,Doe,31
1,John,Doe,31
1,John,Doe,31
1,John,Doe,31
1,John,Doe,31
1,John,Doe,31
1,John,Doe,31
1,John,Doe,31
1,John,Doe,31
1,John,Doe,31
1,John,Doe,31
1,John,Doe,31
1,John,Doe,31
1,John,Doe,31
1,John,Doe,31
1,John,Doe,31
1,John,Doe,31
1,John,Doe,31
1,John,Doe,31
1,John,Doe,31
1,John,Doe,31
1,John,Doe,31
1,John,Doe,31
1,John,Doe,31
1,John,Doe,31
1,John,Doe,31
1,John,Doe,31
1,John,Doe,31
1,John,Doe,31
1,John,Doe,31
1,John,Doe,31
1,John,Doe,31
1,John,Doe,31
1,John,Doe,31
1,John,Doe,31
1,John,Doe,31
1,John,Doe,31
1,John,Doe,31
1,John,Doe,31
1,John,Doe,31
1,John,Doe,31
1,John,Doe,31
1,John,Doe,31
1,John,Doe,31
1,John,Doe,31
1,John,Doe,31
1,John,Doe,31
1,John,Doe,31
1,John,Doe,31
1,John,Doe,31
1,John,Doe,31
1,John,Doe,31
1,John,Doe,31
1,John,Doe,31
1,John,Doe,31
1,John,Doe,31
1,John,Doe,31
1,John,Doe,31
1,John,Doe,31
1,John,Doe,31
1,John,Doe,31
1,John,Doe,31
1,John,Doe,31
1,John,Doe,31
1,John,Doe,31
1,John,Doe,31
1,John,Doe,31
1,John,Doe,31
1,John,Doe,31
1,John,Doe,31
1,John,Doe,31
1,John,Doe,31
1,John,Doe,31
1,John,Doe,31
1,John,Doe,31
1,John,Doe,31
1,John,Doe,31
1,John,Doe,31
1,John,Doe,31
1,John,Doe,31
1,John,Doe,31
1,John,Doe,31
1,John,Doe,31
1,John,Doe,31
1,John,Doe,31
1,John,Doe,31
1,John,Doe,31
1,John,Doe,31
1,John,Doe,31
1,John,Doe,31
1,John,Doe,31
1,John,Doe,31
1,John,Doe,31
1,John,Doe,31
1,John,Doe,31
1,John,Doe,31
1,John,Doe,31
1,John,Doe,31
1,John,Doe,31
1,John,Doe,31
1,John,Doe,31
1,John,Doe,31
1,John,Doe,31
1,John,Doe,31
1,John,Doe,31
1,John,Doe,31
1,John,Doe,31
1,John,Doe,31
1,John,Doe,31
1,John,Doe,31
1,John,Doe,31
1,John,Doe,31
1,John,Doe,31
1,John,Doe,31
1,John,Doe,31
1,John,Doe,31
1,John,Doe,31
1,John,Doe,31
1,John,Doe,31
1,John,Doe,31
1,John,Doe,31
1,John,Doe,31
1,John,Doe,31
1,John,Doe,31
1,John,Doe,31
1,John,Doe,31
1,John,Doe,31
1,John,Doe,31
1,John,Doe,31
1,John,Doe,31
1,John,Doe,31
1,John,Doe,31
1,John,Doe,31
1,John,Doe,31
1,John,Doe,31
1,John,Doe,31
1,John,Doe,31
1,John,Doe,31
1,John,Doe,31
1,John,Doe,31
1,John,Doe,31
1,John,Doe,31
1,John,Doe,31
1,John,Doe,31
1,John,Doe,31
1,John,Doe,31
1,John,Doe,31
1,John,Doe,31
1,John,Doe,31
1,John,Doe,31
1,John,Doe,31
1,John,Doe,31
1,John,Doe,31
1,John,Doe,31
1,John,Doe,31
1,John,Doe,31
1,John,Doe,31
1,John,Doe,31
1,John,Doe,31
1,John,Doe,31
1,John,Doe,31
1,John,Doe,31
1,John,Doe,31
1,John,Doe,31
1,John,Doe,31
1,John,Doe,31
1,John,Doe,31
1,John,Doe,31
1,John,Doe,31
1,John,Doe,31
1,John,Doe,31
1,John,Doe,31
1,John,Doe,31
1,John,Doe,31
1,John,Doe,31
1,John,Doe,31
1,John,Doe,31
1,John,Doe,31
1,John,Doe,31
1,John,Doe,31
1,John,Doe,31
1,John,Doe,31
1,John,Doe,31
1,John,Doe,31
1,John,Doe,31
1,John,Doe,31
1,John,Doe,31
1,John,Doe,31
1,John,Doe,31
1,John,Doe,31
1,John,Doe,31
1,John,Doe,31
1,John,Doe,31
1,John,Doe,31
1,John,Doe,31
1,John,Doe,31
1,John,Doe,31
1,John,Doe,31
1,John,Doe,31
1,John,Doe,31
1,John,Doe,31
1,John,Doe,31
1,John,Doe,31
1,John,Doe,31
1,John,Doe,31
1,John,Doe,31
1,John,Doe,31
1,John,Doe,31
1,John,Doe,31
1,John,Doe,31
1,John,Doe,31
1,John,Doe,31
1,John,Doe,31
1,John,Doe,31
1,John,Doe,31
1,John,Doe,31
1,John,Doe,31
1,John,Doe,31
1,John,Doe,31
1,John,Doe,31
1,John,Doe,31
1,John,Doe,31
1,John,Doe,31
1,John,Doe,31
1,John,Doe,31
1,John,Doe,31
1,John,Doe,31
1,John,Doe,31
1,John,Doe,31
1,John,Doe,31
1,John,Doe,31
1,John,Doe,31
1,John,Doe,31
1,John,Doe,31
1,John,Doe,31
1,John,Doe,31
1,John,Doe,31
1,John,Doe,31
1,John,Doe,31
1,John,Doe,31
1,John,Doe,31
1,John,Doe,31
1,John,Doe,31
1,John,Doe,31
1,John,Doe,31
1,John,Doe,31
1,John,Doe,31
1,John,Doe,31
1,John,Doe,31
1,John,Doe,31
1,John,Doe,31
1,John,Doe,31
1,John,Doe,31
1,John,Doe,31
1,John,Doe,31
1,John,Doe,31
1,John,Doe,31
1,John,Doe,31
1,John,Doe,31
1,John,Doe,31
1,John,Doe,31
1,John,Doe,31
1,John,Doe,31
1,John,Doe,31
1,John,Doe,31
1,John,Doe,31
1,John,Doe,31
1,John,Doe,31
1,John,Doe,31
1,John,Doe,31
1,John,Doe,31
1,John,Doe,31
1,John,Doe,31
1,John,Doe,31
1,John,Doe,31
1,John,Doe,31
1,John,Doe,31
1,John,Doe,31
1,John,Doe,31
1,John,Doe,31
1,John,Doe,31
1,John,Doe,31
1,John,Doe,31
1,John,Doe,31
1,John,Doe,31
1,John,Doe,31
1,John,Doe,31
1,John,Doe,31
1,John,Doe,31
1,John,Doe,31
1,John,Doe,31
1,John,Doe,31
1,John,Doe,31
1,John,Doe,31
1,John,Doe,31
1,John,Doe,31
1,John,Doe,31
1,John,Doe,31
1,John,Doe,31
1,John,Doe,31
1,John,Doe,31
1,John,Doe,31
1,John,Doe,31
1,John,Doe,31
1,John,Doe,31
1,John,Doe,31
1,John,Doe,31
1,John,Doe,31
1,John,Doe,31
1,John,Doe,31
1,John,Doe,31
1,John,Doe,31
1,John,Doe,31
1,John,Doe,31
1,John,Doe,31
1,John,Doe,31
1,John,Doe,31
1,John,Doe,31
1,John,Doe,31
1,John,Doe,31
1,John,Doe,31
1,John,Doe,31
1,John,Doe,31
1,John,Doe,31
1,John,Doe,31
1,John,Doe,31
1,John,Doe,31
1,John,Doe,31
1,John,Doe,31
1,John,Doe,31
1,John,Doe,31
1,John,Doe,31
1,John,Doe,31
1,John,Doe,31
1,John,Doe,31
1,John,Doe,31
1,John,Doe,31
1,John,Doe,31
1,John,Doe,31
1,John,Doe,31
1,John,Doe,31
1,John,Doe,31
1,John,Doe,31
1,John,Doe,31
1,John,Doe,31
1,John,Doe,31
1,John,Doe,31
1,John,Doe,31
1,John,Doe,31
1,John,Doe,31
1,John,Doe,31
1,John,Doe,31
1,John,Doe,31
1,John,Doe,31
1,John,Doe,31
1,John,Doe,31
1,John,Doe,31
1,John,Doe,31
1,John,Doe,31
1,John,Doe,31
1,John,Doe,31
1,John,Doe,31
1,John,Doe,31
1,John,Doe,31
1,John,Doe,31
1,John,Doe,31
1,John,Doe,31
1,John,Doe,31
1,John,Doe,31
1,John,Doe,31
1,John,Doe,31
1,John,Doe,31
1,John,Doe,31
1,John,Doe,31
1,John,Doe,31
1,John,Doe,31
1,John,Doe,31
1,John,Doe,31
1,John,Doe,31
1,John,Doe,31
1,John,Doe,31
1,John,Doe,31
1,John,Doe,31
1,John,Doe,31
1,John,Doe,31
1,John,Doe,31
1,John,Doe,31
1,John,Doe,31
1,John,Doe,31
1,John,Doe,31
1,John,Doe,31
1,John,Doe,31
1,John,Doe,31
1,John,Doe,31
1,John,Doe,31
1,John,Doe,31
1,John,Doe,31
1,John,Doe,31
1,John,Doe,31
1,John,Doe,31
1,John,Doe,31
1,John,Doe,31
1,John,Doe,31
1,John,Doe,31
1,John,Doe,31
1,John,Doe,31
1,John,Doe,31
1,John,Doe,31
1,John,Doe,31
1,John,Doe,31
1,John,Doe,31
1,John,Doe,31
1,John,Doe,31
1,John,Doe,31
1,John,Doe,31
1,John,Doe,31
1,John,Doe,31
1,John,Doe,31
1,John,Doe,31
1,John,Doe,31
1,John,Doe,31
1,John,Doe,31
1,John,Doe,31
1,John,Doe,31
1,John,Doe,31
1,John,Doe,31
1,John,Doe,31
1,John,Doe,31
1,John,Doe,31
1,John,Doe,31
1,John,Doe,31
1,John,Doe,31
1,John,Doe,31
1,John,Doe,31
1,John,Doe,31
1,John,Doe,31
1,John,Doe,31
1,John,Doe,31
1,John,Doe,31
1,John,Doe,31
1,John,Doe,31
1,John,Doe,31
1,John,Doe,31
1,John,Doe,31
1,John,Doe,31
1,John,Doe,31
1,John,Doe,31
1,John,Doe,31
1,John,Doe,31
1,John,Doe,31
1,John,Doe,31
1,John,Doe,31
1,John,Doe,31
1,John,Doe,31
1,John,Doe,31
1,John,Doe,31
1,John,Doe,31
1,John,Doe,31
1,John,Doe,31
1,John,Doe,31
1,John,Doe,31
1,John,Doe,31
1,John,Doe,31
1,John,Doe,31
1,John,Doe,31
1,John,Doe,31
1,John,Doe,31
1,John,Doe,31
1,John,Doe,31
1,John,Doe,31
1,John,Doe,31
1,John,Doe,31
1,John,Doe,31
1,John,Doe,31
1,John,Doe,31
1,John,Doe,31
1,John,Doe,31
1,John,Doe,31
1,John,Doe,31
1,John,Doe,31
1,John,Doe,31
1,John,Doe,31
1,John,Doe,31
1,John,Doe,31
1,John,Doe,31
1,John,Doe,31
1,John,Doe,31
1,John,Doe,31
1,John,Doe,31
1,John,Doe,31
1,John,Doe,31
1,John,Doe,31
1,John,Doe,31
1,John,Doe,31
1,John,Doe,31
1,John,Doe,31
1,John,Doe,31
1,John,Doe,31
1,John,Doe,31
1,John,Doe,31
1,John,Doe,31
1,John,Doe,31
1,John,Doe,31
1,John,Doe,31
1,John,Doe,31
1,John,Doe,31
1,John,Doe,31
1,John,Doe,31
1,John,Doe,31
1,John,Doe,31
1,John,Doe,31
1,John,Doe,31
1,John,Doe,31
1,John,Doe,31
1,John,Doe,31
1,John,Doe,31
1,John,Doe,31
1,John,Doe,31
1,John,Doe,31
1,John,Doe,31
1,John,Doe,31
1,John,Doe,31
1,John,Doe,31
1,John,Doe,31
1,John,Doe,31
1,John,Doe,31
1,John,Doe,31
1,John,Doe,31
1,John,Doe,31
1,John,Doe,31
1,John,Doe,31
1,John,Doe,31
1,John,Doe,31
1,John,Doe,31
1,John,Doe,31
1,John,Doe,31
1,John,Doe,31
1,John,Doe,31
1,John,Doe,31
1,John,Doe,31
1,John,Doe,31
1,John,Doe,31
1,John,Doe,31
1,John,Doe,31
1,John,Doe,31
1,John,Doe,31
1,John,Doe,31
1,John,Doe,31
1,John,Doe,31
1,John,Doe,31
1,John,Doe,31
1,John,Doe,31
1,John,Doe,31
1,John,Doe,31
1,John,Doe,31
1,John,Doe,31
1,John,Doe,31
1,John,Doe,31
1,John,Doe,31
1,John,Doe,31
1,John,Doe,31
1,John,Doe,31
1,John,Doe,31
1,John,Doe,31
1,John,Doe,31
1,John,Doe,31
1,John,Doe,31
1,John,Doe,31
1,John,Doe,31
1,John,Doe,31
1,John,Doe,31
1,John,Doe,31
1,John,Doe,31
1,John,Doe,31
1,John,Doe,31
1,John,Doe,31
1,John,Doe,31
1,John,Doe,31
1,John,Doe,31
1,John,Doe,31
1,John,Doe,31
1,John,Doe,31
1,John,Doe,31
1,John,Doe,31
1,John,Doe,31
1,John,Doe,31
1,John,Doe,31
1,John,Doe,31
1,John,Doe,31
1,John,Doe,31
1,John,Doe,31
1,John,Doe,31
1,John,Doe,31
1,John,Doe,31
1,John,Doe,31
1,John,Doe,31
1,John,Doe,31
1,John,Doe,31
1,John,Doe,31
1,John,Doe,31
1,John,Doe,31
1,John,Doe,31
1,John,Doe,31
1,John,Doe,31
1,John,Doe,31
1,John,Doe,31
1,John,Doe,31
1,John,Doe,31
1,John,Doe,31
1,John,Doe,31
1,John,Doe,31
1,John,Doe,31
1,John,Doe,31
1,John,Doe,31
1,John,Doe,31
1,John,Doe,31
1,John,Doe,31
1,John,Doe,31
1,John,Doe,31
1,John,Doe,31
1,John,Doe,31
1,John,Doe,31
1,John,Doe,31
1,John,Doe,31
1,John,Doe,31
1,John,Doe,31
1,John,Doe,31
1,John,Doe,31
1,John,Doe,31
1,John,Doe,31
1,John,Doe,31
1,John,Doe,31
1,John,Doe,31
1,John,Doe,31
1,John,Doe,31
1,John,Doe,31
1,John,Doe,31
1,John,Doe,31
1,John,Doe,31
1,John,Doe,31
1,John,Doe,31
1,John,Doe,31
1,John,Doe,31
1,John,Doe,31
1,John,Doe,31
1,John,Doe,31
1,John,Doe,31
1,John,Doe,31
1,John,Doe,31
1,John,Doe,31
1,John,Doe,31
1,John,Doe,31
1,John,Doe,31
1,John,Doe,31
1,John,Doe,31
1,John,Doe,31
1,John,Doe,31
1,John,Doe,31
1,John,Doe,31
1,John,Doe,31
1,John,Doe,31
1,John,Doe,31
1,John,Doe,31
1,John,Doe,31
1,John,Doe,31
1,John,Doe,31
1,John,Doe,31
1,John,Doe,31
1,John,Doe,31
1,John,Doe,31
1,John,Doe,31
1,John,Doe,31
1,John,Doe,31
1,John,Doe,31
1,John,Doe,31
1,John,Doe,31
1,John,Doe,31
1,John,Doe,31
1,John,Doe,31
1,John,Doe,31
1,John,Doe,31
1,John,Doe,31
1,John,Doe,31
1,John,Doe,31
1,John,Doe,31
1,John,Doe,31
1,John,Doe,31
1,John,Doe,31
1,John,Doe,31
1,John,Doe,31
1,John,Doe,31
1,John,Doe,31
1,John,Doe,31
1,John,Doe,31
1,John,Doe,31
1,John,Doe,31
1,John,Doe,31
1,John,Doe,31
1,John,Doe,31
1,John,Doe,31
1,John,Doe,31
1,John,Doe,31
1,John,Doe,31
1,John,Doe,31
1,John,Doe,31
1,John,Doe,31
1,John,Doe,31
1,John,Doe,31
1,John,Doe,31
1,John,Doe,31
1,John,Doe,31
1,John,Doe,31
1,John,Doe,31
1,John,Doe,31
1,John,Doe,31
1,John,Doe,31
1,John,Doe,31
1,John,Doe,31
1,John,Doe,31
1,John,Doe,31
1,John,Doe,31
1,John,Doe,31
1,John,Doe,31
1,John,Doe,31
1,John,Doe,31
1,John,Doe,31
1,John,Doe,31
1,John,Doe,31
1,John,Doe,31
1,John,Doe,31
1,John,Doe,31
1,John,Doe,31
1,John,Doe,31
1,John,Doe,31
1,John,Doe,31
1,John,Doe,31
1,John,Doe,31
1,John,Doe,31
1,John,Doe,31
1,John,Doe,31
1,John,Doe,31
1,John,Doe,31
1,John,Doe,31
1,John,Doe,31
1,John,Doe,31
1,John,Doe,31
1,John,Doe,31
1,John,Doe,31
1,John,Doe,31
1,John,Doe,31
1,John,Doe,31
1,John,Doe,31
1,John,Doe,31
1,John,Doe,31
1,John,Doe,31
1,John,Doe,31
1,John,Doe,31
1,John,Doe,31
1,John,Doe,31
1,John,Doe,31
1,John,Doe,31
1,John,Doe,31
1,John,Doe,31
1,John,Doe,31
1,John,Doe,31
1,John,Doe,31
1,John,Doe,31
1,John,Doe,31
1,John,Doe,31
1,John,Doe,31
1,John,Doe,31
1,John,Doe,31
1,John,Doe,31
1,John,Doe,31
1,John,Doe,31
1,John,Doe,31
1,John,Doe,31
1,John,Doe,31
1,John,Doe,31
1,John,Doe,31
1,John,Doe,31
1,John,Doe,31
1,John,Doe,31
1,John,Doe,31
1,John,Doe,31
1,John,Doe,31
1,John,Doe,31
1,John,Doe,31
1,John,Doe,31
1,John,Doe,31
1,John,Doe,31
1,John,Doe,31
1,John,Doe,31
1,John,Doe,31
1,John,Doe,31
1,John,Doe,31
1,John,Doe,31
1,John,Doe,31
1,John,Doe,31
1,John,Doe,31
1,John,Doe,31
1,John,Doe,31
1,John,Doe,31
1,John,Doe,31
1,John,Doe,31
1,John,Doe,31
1,John,Doe,31
1,John,Doe,31
1,John,Doe,31
1,John,Doe,31
1,John,Doe,31
1,John,Doe,31
1,John,Doe,31
1,John,Doe,31
1,John,Doe,31
1,John,Doe,31
1,John,Doe,31
1,John,Doe,31
1,John,Doe,31
1,John,Doe,31
1,John,Doe,31
1,John,Doe,31
1,John,Doe,31
1,John,Doe,31
1,John,Doe,31
1,John,Doe,31
1,John,Doe,31
1,John,Doe,31
1,John,Doe,31
1,John,Doe,31
1,John,Doe,31
1,John,Doe,31
1,John,Doe,31
1,John,Doe,31
1,John,Doe,31
1,John,Doe,31
1,John,Doe,31
1,John,Doe,31
1,John,Doe,31
1,John,Doe,31
1,John,Doe,31
1,John,Doe,31
1,John,Doe,31
1,John,Doe,31
1,John,Doe,31
1,John,Doe,31